Fireteams,->,DestinyTheGame,2.80%,96.36%,4640
summonerschool,->,leagueoflegends,2.77%,96.43%,4589
pcgaming,->,pcmasterrace,1.90%,53.26%,5682
csgobetting,->,GlobalOffensive,1.64%,84.54%,3086
FIFA,->,soccer,1.48%,57.88%,4086
GameDeals,->,Games,1.11%,52.95%,3358
GlobalOffensiveTrade,->,GlobalOffensive,1.03%,73.12%,2251
CompetitiveHS,->,hearthstone,1.00%,89.48%,1787
truegaming,->,Games,0.91%,63.76%,2285
CLG,->,leagueoflegends,0.81%,96.19%,1338
SSBM,->,smashbros,0.74%,93.41%,1260
SSBPM,->,smashbros,0.68%,87.21%,1243
amiibo,->,smashbros,0.67%,55.32%,1918
arrow,->,FlashTV,0.65%,57.88%,1783
randomactsofcsgo,->,GlobalOffensive,0.64%,80.31%,1280
LOLDyrus,->,leagueoflegends,0.63%,97.20%,1035
VAC_Porn,->,GlobalOffensive,0.62%,90.94%,1082
learndota2,->,DotA2,0.61%,92.40%,1052
splatoon,->,smashbros,0.53%,53.33%,1577
LeagueofLegendsMeta,->,leagueoflegends,0.51%,95.76%,849
RiotFreeLoL,->,leagueoflegends,0.51%,97.12%,832
trashy,->,WTF,0.49%,53.15%,1477
rage,->,WTF,0.47%,50.23%,1507
csgolounge,->,GlobalOffensive,0.47%,86.13%,865
Whatcouldgowrong,->,WTF,0.46%,51.04%,1444
patientgamers,->,Games,0.45%,53.15%,1351
TrueDoTA2,->,DotA2,0.39%,98.13%,640
TeamRedditTeams,->,leagueoflegends,0.39%,97.17%,636
Gunners,->,soccer,0.39%,71.06%,864
Dota2Trade,->,DotA2,0.39%,93.31%,658
watchpeopledie,->,WTF,0.38%,53.40%,1146
csgolounge,->,csgobetting,0.37%,69.13%,865
Patriots,->,nfl,0.37%,73.83%,791
reddevils,->,soccer,0.36%,71.00%,807
gamernews,->,Games,0.35%,54.20%,1035
sufficiencybot,->,leagueoflegends,0.33%,95.35%,559
RecruitCS,->,GlobalOffensive,0.33%,93.59%,562
truetf2,->,tf2,0.33%,87.37%,594
LiverpoolFC,->,soccer,0.32%,68.74%,739
TeamSolomid,->,leagueoflegends,0.32%,97.12%,520
CruciblePlaybook,->,DestinyTheGame,0.31%,99.59%,489
