WTF,AdviceAnimals,->,Games,0.98%,19.95%,7821
WTF,AdviceAnimals,->,BlackPeopleTwitter,0.94%,19.24%,7821
Games,->,WTF,2.82%,17.92%,25063
WTF,->,Games,2.82%,19.96%,22501
leagueoflegends,->,summonerschool,2.77%,10.79%,41004
leagueoflegends,->,hearthstone,2.48%,9.63%,41004
pcmasterrace,->,witcher,2.46%,15.98%,24560
WTF,->,technology,2.40%,17.04%,22501
Games,->,AdviceAnimals,2.31%,14.68%,25063
AdviceAnimals,->,Games,2.31%,17.85%,20605
AdviceAnimals,->,technology,2.31%,17.85%,20605
Games,->,technology,2.29%,14.56%,25063
GlobalOffensive,->,leagueoflegends,2.28%,16.52%,22022
leagueoflegends,->,GlobalOffensive,2.28%,8.87%,41004
WTF,->,GlobalOffensive,2.01%,14.26%,22501
GlobalOffensive,->,WTF,2.01%,14.57%,22022
Games,->,witcher,1.96%,12.49%,25063
pcmasterrace,->,pcgaming,1.90%,12.32%,24560
pcmasterrace,->,DotA2,1.79%,11.62%,24560
DotA2,->,pcmasterrace,1.79%,17.19%,16598
AdviceAnimals,->,politics,1.78%,13.81%,20605
WTF,->,politics,1.77%,12.51%,22501
AdviceAnimals,->,GlobalOffensive,1.73%,13.42%,20605
GlobalOffensive,->,AdviceAnimals,1.73%,12.56%,22022
pcmasterrace,->,technology,1.70%,11.02%,24560
Games,->,pcgaming,1.64%,10.41%,25063
leagueoflegends,->,anime,1.64%,6.37%,41004
GlobalOffensive,->,csgobetting,1.64%,11.85%,22022
pcmasterrace,->,buildapc,1.60%,10.40%,24560
WTF,->,BlackPeopleTwitter,1.53%,10.84%,22501
wow,->,WTF,1.50%,18.51%,12904
WTF,->,wow,1.50%,10.62%,22501
AdviceAnimals,->,BlackPeopleTwitter,1.50%,11.58%,20605
wow,->,AdviceAnimals,1.43%,17.61%,12904
AdviceAnimals,->,wow,1.43%,11.03%,20605
WTF,->,woahdude,1.42%,10.08%,22501
leagueoflegends,->,technology,1.40%,5.43%,41004
witcher,->,WTF,1.39%,14.80%,15023
WTF,->,witcher,1.39%,9.88%,22501
Games,->,leagueoflegends,1.36%,8.68%,25063
leagueoflegends,->,Games,1.36%,5.30%,41004
WTF,->,interestingasfuck,1.36%,9.61%,22501
WTF,->,4chan,1.35%,9.56%,22501
DotA2,->,WTF,1.34%,12.88%,16598
WTF,->,DotA2,1.34%,9.50%,22501
Games,->,PS4,1.34%,8.51%,25063
hearthstone,->,pcmasterrace,1.33%,13.16%,16125
pcmasterrace,->,hearthstone,1.33%,8.64%,24560
leagueoflegends,->,gameofthrones,1.32%,5.15%,41004
WTF,->,hearthstone,1.32%,9.33%,22501
hearthstone,->,WTF,1.32%,13.02%,16125
leagueoflegends,->,thebutton,1.31%,5.11%,41004
Games,->,politics,1.30%,8.30%,25063
WTF,->,TumblrInAction,1.30%,9.18%,22501
wow,->,leagueoflegends,1.28%,15.86%,12904
leagueoflegends,->,wow,1.28%,4.99%,41004
Games,->,gameofthrones,1.26%,8.05%,25063
pcmasterrace,->,thebutton,1.26%,8.16%,24560
AdviceAnimals,->,atheism,1.26%,9.73%,20605
AdviceAnimals,->,witcher,1.26%,9.72%,20605
witcher,->,AdviceAnimals,1.26%,13.33%,15023
WTF,->,trees,1.26%,8.90%,22501
WTF,->,DestinyTheGame,1.25%,8.86%,22501
DestinyTheGame,->,WTF,1.25%,14.28%,13967
WTF,->,fatpeoplehate,1.25%,8.84%,22501
AdviceAnimals,->,hearthstone,1.24%,9.56%,20605
hearthstone,->,AdviceAnimals,1.24%,12.22%,16125
WTF,->,atheism,1.23%,8.72%,22501
WTF,->,cringepics,1.23%,8.72%,22501
WTF,->,thebutton,1.23%,8.69%,22501
DestinyTheGame,->,AdviceAnimals,1.21%,13.87%,13967
AdviceAnimals,->,DestinyTheGame,1.21%,9.40%,20605
WTF,->,JusticePorn,1.21%,8.58%,22501
AdviceAnimals,->,TumblrInAction,1.21%,9.35%,20605
DotA2,->,GlobalOffensive,1.20%,11.56%,16598
GlobalOffensive,->,DotA2,1.20%,8.71%,22022
pcmasterrace,->,TumblrInAction,1.20%,7.79%,24560
pcmasterrace,->,wow,1.19%,7.72%,24560
wow,->,pcmasterrace,1.19%,14.69%,12904
witcher,->,pcgaming,1.19%,12.59%,15023
leagueoflegends,->,politics,1.17%,4.56%,41004
AdviceAnimals,->,woahdude,1.17%,9.06%,20605
DotA2,->,Games,1.17%,11.19%,16598
Games,->,DotA2,1.17%,7.41%,25063
AdviceAnimals,->,DotA2,1.16%,8.98%,20605
DotA2,->,AdviceAnimals,1.16%,11.15%,16598
witcher,->,PS4,1.16%,12.27%,15023
AdviceAnimals,->,interestingasfuck,1.15%,8.93%,20605
pcmasterrace,->,Steam,1.15%,7.46%,24560
AdviceAnimals,->,fatpeoplehate,1.15%,8.87%,20605
AdviceAnimals,->,thebutton,1.15%,8.86%,20605
leagueoflegends,->,soccer,1.15%,4.45%,41004
WTF,->,gameofthrones,1.14%,8.08%,22501
leagueoflegends,->,nba,1.13%,4.40%,41004
pcmasterrace,->,4chan,1.13%,7.31%,24560
AdviceAnimals,->,reactiongifs,1.12%,8.69%,20605
Games,->,GameDeals,1.11%,7.09%,25063
Games,->,Android,1.10%,7.02%,25063
AdviceAnimals,->,trees,1.10%,8.52%,20605
leagueoflegends,->,BlackPeopleTwitter,1.10%,4.27%,41004
